<?xml version="1.0"?>
<!DOCTYPE service-builder PUBLIC "-//Liferay//DTD Service Builder 7.4.0//EN" "http://www.liferay.com/dtd/liferay-service-builder_7_4_0.dtd">

<service-builder dependency-injector="ds" package-path="AAACustomerServices">
	<namespace>AAA</namespace>
	<!--<entity data-source="sampleDataSource" local-service="true" name="Foo" remote-service="false" session-factory="sampleSessionFactory" table="foo" tx-manager="sampleTransactionManager uuid="true"">-->
	<entity name="sitiCustomer" local-service="true"
		remote-service="false" uuid="true">
		<column name="customerId" primary="true" type="long"></column>
		<column name="customerName" type="String"></column>
		<column name="customerEmail" type="String"></column>
		<column name="customerAddress" type="String"></column>
		<column name="customerContact" type="String"></column>
		<column name="customerNRIC" type="String"></column>


		<!-- PK fields -->

		<!-- Group instance -->
        <column name="start_date" type="Date"></column>

		<column name="groupId" type="long"></column>

		<!-- Audit fields -->

		<column name="companyId" type="long"></column>
		<column name="userId" type="long"></column>
		<column name="userName" type="String"></column>
		<column name="createDate" type="Date"></column>
		<column name="modifiedDate" type="Date"></column>
        <column name="serviceId" type="long"></column>
        <order>
            <order-column name="start_date" order-by="asc"></order-column>
        </order>
        <finder name="GroupId" return-type="Collection">
            <finder-column name="groupId"></finder-column>
        </finder>
	</entity>
	<entity name="sitiServices" local-service="true"
		remote-service="false" uuid="true">
		<column name="serviceId" type="long" primary="true"></column>
		<column name="serviceName" type="String"></column>
		<column name="serviceType" type="String"></column>
		<column name="servicePrice" type="String"></column>
		<column name="serviceExpiration" type="String"></column>


		<!-- PK fields -->

		<!-- Group instance -->

		<column name="groupId" type="long"></column>

		<!-- Audit fields -->

		<column name="companyId" type="long"></column>
		<column name="userId" type="long"></column>
		<column name="userName" type="String"></column>
		<column name="createDate" type="Date"></column>
		<column name="modifiedDate" type="Date"></column>
        <order>
            <order-column name="serviceName" order-by="asc"></order-column>
        </order>
        <finder name="GroupId" return-type="Collection">
            <finder-column name="groupId"></finder-column>
        </finder>
	</entity>
    <exceptions>
        <exception>CustomerName</exception>
        <exception>CustomerEmail</exception>
        <exception>ServiceName</exception>
    </exceptions>
</service-builder>